scope	package	version	declared_license	source_origin	aports_commit	source_packaging_url	apk_sha256	provenance_verification
base-installed	alpine-baselayout	3.7.2-r1	GPL-2.0-only	alpine-baselayout	60a7585bbab2fa0f762504eb617dbca90216e31f	https://gitlab.alpinelinux.org/alpine/aports/-/tree/60a7585bbab2fa0f762504eb617dbca90216e31f		83 base regular files match the official checksum-verified minirootfs
base-installed	alpine-baselayout-data	3.7.2-r1	GPL-2.0-only	alpine-baselayout	60a7585bbab2fa0f762504eb617dbca90216e31f	https://gitlab.alpinelinux.org/alpine/aports/-/tree/60a7585bbab2fa0f762504eb617dbca90216e31f		83 base regular files match the official checksum-verified minirootfs
base-installed	alpine-keys	2.6-r0	MIT	alpine-keys	b9f23becced4d7b3ccc0fa0f28530243ccd314a0	https://gitlab.alpinelinux.org/alpine/aports/-/tree/b9f23becced4d7b3ccc0fa0f28530243ccd314a0		83 base regular files match the official checksum-verified minirootfs
base-installed	alpine-release	3.24.2-r0	MIT	alpine-base	d9d560d5de74ff9a7a73f3c903d6f126a0bf3142	https://gitlab.alpinelinux.org/alpine/aports/-/tree/d9d560d5de74ff9a7a73f3c903d6f126a0bf3142		83 base regular files match the official checksum-verified minirootfs
base-installed	apk-tools	3.0.8-r0	GPL-2.0-only	apk-tools	4588b452722bd4800efdc6cce4f6e980e02a997f	https://gitlab.alpinelinux.org/alpine/aports/-/tree/4588b452722bd4800efdc6cce4f6e980e02a997f		83 base regular files match the official checksum-verified minirootfs
base-installed	busybox	1.37.0-r31	GPL-2.0-only	busybox	c3ef5d10e6ef6528852c51f0564963e2f8c1be19	https://gitlab.alpinelinux.org/alpine/aports/-/tree/c3ef5d10e6ef6528852c51f0564963e2f8c1be19		83 base regular files match the official checksum-verified minirootfs
base-installed	busybox-binsh	1.37.0-r31	GPL-2.0-only	busybox	c3ef5d10e6ef6528852c51f0564963e2f8c1be19	https://gitlab.alpinelinux.org/alpine/aports/-/tree/c3ef5d10e6ef6528852c51f0564963e2f8c1be19		83 base regular files match the official checksum-verified minirootfs
base-installed	ca-certificates-bundle	20260909-r0	MPL-2.0 AND MIT	ca-certificates	eb7078df3a16d666e8f7723f94bb92e00d4b9236	https://gitlab.alpinelinux.org/alpine/aports/-/tree/eb7078df3a16d666e8f7723f94bb92e00d4b9236		83 base regular files match the official checksum-verified minirootfs
base-installed	libapk	3.0.8-r0	GPL-2.0-only	apk-tools	4588b452722bd4800efdc6cce4f6e980e02a997f	https://gitlab.alpinelinux.org/alpine/aports/-/tree/4588b452722bd4800efdc6cce4f6e980e02a997f		83 base regular files match the official checksum-verified minirootfs
base-installed	libcrypto3	3.5.8-r0	Apache-2.0	openssl	013edf8b29199933e8ea34dde460b5584b979042	https://gitlab.alpinelinux.org/alpine/aports/-/tree/013edf8b29199933e8ea34dde460b5584b979042		83 base regular files match the official checksum-verified minirootfs
base-installed	libssl3	3.5.8-r0	Apache-2.0	openssl	013edf8b29199933e8ea34dde460b5584b979042	https://gitlab.alpinelinux.org/alpine/aports/-/tree/013edf8b29199933e8ea34dde460b5584b979042		83 base regular files match the official checksum-verified minirootfs
base-installed	musl	1.2.6-r2	MIT	musl	f5640d3a10f664c9119720c60515265d3d6f6d01	https://gitlab.alpinelinux.org/alpine/aports/-/tree/f5640d3a10f664c9119720c60515265d3d6f6d01		83 base regular files match the official checksum-verified minirootfs
base-installed	musl-utils	1.2.6-r2	MIT AND BSD-2-Clause AND GPL-2.0-or-later	musl	f5640d3a10f664c9119720c60515265d3d6f6d01	https://gitlab.alpinelinux.org/alpine/aports/-/tree/f5640d3a10f664c9119720c60515265d3d6f6d01		83 base regular files match the official checksum-verified minirootfs
base-installed	scanelf	1.3.9-r1	GPL-2.0-only	pax-utils	c61801eeacb3ffcd9c2025b09e402153bb93fb39	https://gitlab.alpinelinux.org/alpine/aports/-/tree/c61801eeacb3ffcd9c2025b09e402153bb93fb39		83 base regular files match the official checksum-verified minirootfs
base-installed	ssl_client	1.37.0-r31	GPL-2.0-only	busybox	c3ef5d10e6ef6528852c51f0564963e2f8c1be19	https://gitlab.alpinelinux.org/alpine/aports/-/tree/c3ef5d10e6ef6528852c51f0564963e2f8c1be19		83 base regular files match the official checksum-verified minirootfs
base-installed	zlib	1.3.2-r0	Zlib	zlib	f248b33b5943c7dc69bf691031d7612ab2e8ed93	https://gitlab.alpinelinux.org/alpine/aports/-/tree/f248b33b5943c7dc69bf691031d7612ab2e8ed93		83 base regular files match the official checksum-verified minirootfs
offline-apk	alsa-lib	1.2.15.3-r0	LGPL-2.1-or-later	alsa-lib	2939b0cfc6acaf6eeb012f4e371d46c537d4e9f9	https://gitlab.alpinelinux.org/alpine/aports/-/tree/2939b0cfc6acaf6eeb012f4e371d46c537d4e9f9	b2fa6d6c13bc17f3e24b94af245fb7943aed7678def1d621154b8b2438e44c68	Alpine RSA signature and signed payload digest verified
offline-apk	arpack	3.9.1-r0	BSD-3-Clause	arpack	6e6cf00261ee36f65f6fe154a915af840e1f0fa7	https://gitlab.alpinelinux.org/alpine/aports/-/tree/6e6cf00261ee36f65f6fe154a915af840e1f0fa7	7db4190fe8ec3919bf2a5047c10e8605486a98c059666366521645e48fa1df4b	Alpine RSA signature and signed payload digest verified
offline-apk	at-spi2-core-libs	2.60.5-r0	LGPL-2.1-or-later	at-spi2-core	127aabdda292243f9eddbf9d4690d52a167de5c3	https://gitlab.alpinelinux.org/alpine/aports/-/tree/127aabdda292243f9eddbf9d4690d52a167de5c3	dc87dba0de9c3af16c13da4c627fafdada70e1c5e2c48bec7464954df7c7d1ee	Alpine RSA signature and signed payload digest verified
offline-apk	avahi-libs	0.9_rc4-r0	LGPL-2.1-or-later	avahi	c8147a84799898ff9780bc4f3c179ccc141e8e67	https://gitlab.alpinelinux.org/alpine/aports/-/tree/c8147a84799898ff9780bc4f3c179ccc141e8e67	bf6c5092d9a90b2e5c22f007d888e8e786de73dcb9a787361d7a04afb8f8ecf6	Alpine RSA signature and signed payload digest verified
offline-apk	brotli-libs	1.2.0-r1	MIT	brotli	1ee249c9da168084b1c6c9f7488bdffa2ac33c84	https://gitlab.alpinelinux.org/alpine/aports/-/tree/1ee249c9da168084b1c6c9f7488bdffa2ac33c84	e0e7a7892f28326a9f18e09607b1aea72baedda470bc4e3d2b11262b9ae5dda3	Alpine RSA signature and signed payload digest verified
offline-apk	bubblewrap	0.12.0-r0	LGPL-2.1-or-later	bubblewrap	21ce0edacfd8b359eeb3abc29fbd0b49b023ca1b	https://gitlab.alpinelinux.org/alpine/aports/-/tree/21ce0edacfd8b359eeb3abc29fbd0b49b023ca1b	f38670cd16e15268ab2588c6b788d380fe219de74d6430f91d102c3df1652e87	Alpine RSA signature and signed payload digest verified
offline-apk	c-ares	1.34.8-r0	MIT	c-ares	138a6bf9dea5974644e48fef4826b7c474f2f7d8	https://gitlab.alpinelinux.org/alpine/aports/-/tree/138a6bf9dea5974644e48fef4826b7c474f2f7d8	689603d300dc56f0b99e313506e4d7b3a3ffb87cec536324f8a306bc218afe67	Alpine RSA signature and signed payload digest verified
offline-apk	cairo	1.18.4-r1	LGPL-2.1-or-later OR MPL-1.1	cairo	e54632f6ef658146c2393a8cbd0368a3707d4991	https://gitlab.alpinelinux.org/alpine/aports/-/tree/e54632f6ef658146c2393a8cbd0368a3707d4991	edb009c2331efe54a895468690c46d528ef2907025fc90ca9329950f41b87e61	Alpine RSA signature and signed payload digest verified
offline-apk	cairo-gobject	1.18.4-r1	LGPL-2.1-or-later OR MPL-1.1	cairo	e54632f6ef658146c2393a8cbd0368a3707d4991	https://gitlab.alpinelinux.org/alpine/aports/-/tree/e54632f6ef658146c2393a8cbd0368a3707d4991	fd13da5b7ed6c793dda3e602a7b27611ffdc9b4e03e3d0a64a0e9e85eb4b73e9	Alpine RSA signature and signed payload digest verified
offline-apk	cups-libs	2.4.19-r0	Apache-2.0	cups	85d0a49d09a152b4c9cf7a3cd78eeaf809aa258d	https://gitlab.alpinelinux.org/alpine/aports/-/tree/85d0a49d09a152b4c9cf7a3cd78eeaf809aa258d	9dda94ea64cb61b02c69789c42b0e402d886679957489b31ed9421afdc887323	Alpine RSA signature and signed payload digest verified
offline-apk	dbus-libs	1.16.2-r2	AFL-2.1 OR GPL-2.0-or-later	dbus	0dac2d7bf76016e3bb78ccc734edbb157a1d4b51	https://gitlab.alpinelinux.org/alpine/aports/-/tree/0dac2d7bf76016e3bb78ccc734edbb157a1d4b51	b09b297d622377f870da5f162563b2bb4926dda17dfb2c7b1c84c37b05e8e295	Alpine RSA signature and signed payload digest verified
offline-apk	double-conversion	3.4.0-r0	BSD-3-Clause	double-conversion	f5a68812ed21e88e804fcc91715517696d37d6a3	https://gitlab.alpinelinux.org/alpine/aports/-/tree/f5a68812ed21e88e804fcc91715517696d37d6a3	8bd4428d5e5626005e26d4df2bb21b365f4d72ac6409d86dd7ab15cd9719df9d	Alpine RSA signature and signed payload digest verified
offline-apk	duktape-libs	2.7.0-r3	MIT	duktape	a9e2a2dc46f377eb25884f7fea9834492de7f518	https://gitlab.alpinelinux.org/alpine/aports/-/tree/a9e2a2dc46f377eb25884f7fea9834492de7f518	a2a7b52fa72110ec625107e32278046aef3081fa41d1d6950de6b66f2819eb12	Alpine RSA signature and signed payload digest verified
offline-apk	eudev-libs	3.2.14-r6	GPL-2.0-or-later	eudev	4133df77f8cc98f92679b79de07736589fa48bff	https://gitlab.alpinelinux.org/alpine/aports/-/tree/4133df77f8cc98f92679b79de07736589fa48bff	330022dcf23de371d8df9b08f9bf9c9e98ced062b7352b518ee977dcaf977956	Alpine RSA signature and signed payload digest verified
offline-apk	fftw-double-libs	3.3.11-r0	GPL-2.0-or-later	fftw	961fdd748f4623133dcddb51b1169967b1657175	https://gitlab.alpinelinux.org/alpine/aports/-/tree/961fdd748f4623133dcddb51b1169967b1657175	08f6ddefac396d1987ed68382a8a5e7c274d69005c32dd133b4a5dad90127149	Alpine RSA signature and signed payload digest verified
offline-apk	fftw-single-libs	3.3.11-r0	GPL-2.0-or-later	fftw	961fdd748f4623133dcddb51b1169967b1657175	https://gitlab.alpinelinux.org/alpine/aports/-/tree/961fdd748f4623133dcddb51b1169967b1657175	98912008fd608dce440e78e3a7bbbb927c8e7fdbc60d5b5aaf937dbb89efc308	Alpine RSA signature and signed payload digest verified
offline-apk	file	5.47-r2	BSD-2-Clause	file	a05d36fa86411cd0ce86d756f818e525d0eee1c3	https://gitlab.alpinelinux.org/alpine/aports/-/tree/a05d36fa86411cd0ce86d756f818e525d0eee1c3	fb1ccc520c2e80cb1d3b739500826cedf4b35b8a43ff78aa683c6f6bd48dd3e5	Alpine RSA signature and signed payload digest verified
offline-apk	fontconfig	2.17.1-r1	MIT	fontconfig	07061cb5a28861b108b09adc09ebd4fd962e549f	https://gitlab.alpinelinux.org/alpine/aports/-/tree/07061cb5a28861b108b09adc09ebd4fd962e549f	e4fc46de2fa0dc64ef948aab0798500f784eef15d75c9a2e8952a0e3017dacfc	Alpine RSA signature and signed payload digest verified
offline-apk	freetype	2.14.3-r0	FTL OR GPL-2.0-or-later	freetype	ad16b0afc1a315c4095a75ff72ebbe3cfa29b671	https://gitlab.alpinelinux.org/alpine/aports/-/tree/ad16b0afc1a315c4095a75ff72ebbe3cfa29b671	8f36a4b4b6c75574f2f51d62c3df27d23ec7054ae1cae97d54adad72e725e027	Alpine RSA signature and signed payload digest verified
offline-apk	fribidi	1.0.16-r3	LGPL-2.1-or-later	fribidi	5c9b8291bfb31116907f54dad1c7e03fec51eddb	https://gitlab.alpinelinux.org/alpine/aports/-/tree/5c9b8291bfb31116907f54dad1c7e03fec51eddb	b4f41c04682487ccc0d5e304a20f1062ddb47907ffa0a414208512e2c946e4d7	Alpine RSA signature and signed payload digest verified
offline-apk	gdbm	1.26-r0	GPL-3.0-or-later	gdbm	1ea03990396db618edfcc8a9a0bc6b72662bac8f	https://gitlab.alpinelinux.org/alpine/aports/-/tree/1ea03990396db618edfcc8a9a0bc6b72662bac8f	bad50eb26533e2f58e014fbcd3c1744f2fdb79954af6e3c188ccd059251c7790	Alpine RSA signature and signed payload digest verified
offline-apk	gdk-pixbuf	2.44.7-r1	LGPL-2.1-or-later	gdk-pixbuf	a21007f809f4d279cbce1345fb3c29af0887ffdc	https://gitlab.alpinelinux.org/alpine/aports/-/tree/a21007f809f4d279cbce1345fb3c29af0887ffdc	152fa4bb9045eb737c7cad912fb58dd9b91594e1f22f87fa79839d73d331e887	Alpine RSA signature and signed payload digest verified
offline-apk	ghostscript-fonts	8.11-r5	GPL-2.0-or-later	ghostscript-fonts	5bb2b5d0e4307b098c3efe12e9d716645530086d	https://gitlab.alpinelinux.org/alpine/aports/-/tree/5bb2b5d0e4307b098c3efe12e9d716645530086d	220cb7f07b7c21ce97026aab3704a63edcf2acc9342bbbc175379918ecdf0e48	Alpine RSA signature and signed payload digest verified
offline-apk	git	2.54.0-r0	GPL-2.0-only	git	b3ed5f8f4ce6b2ef13adeaf7494557add6546bda	https://gitlab.alpinelinux.org/alpine/aports/-/tree/b3ed5f8f4ce6b2ef13adeaf7494557add6546bda	ea41e2f837f1f6a8b66e72a5ece0fc75cca44f76f49cf5500d467fc5627d0ab7	Alpine RSA signature and signed payload digest verified
offline-apk	glib	2.88.1-r1	LGPL-2.1-or-later	glib	bd96e2db11c9ba7d7795454d16af620d577614c7	https://gitlab.alpinelinux.org/alpine/aports/-/tree/bd96e2db11c9ba7d7795454d16af620d577614c7	0ae89191a79ea5d5a02515e41f29b62e5e0a0a80fb059804bbbacac2d77cce4e	Alpine RSA signature and signed payload digest verified
offline-apk	glpk	5.0-r3	GPL-3.0-only	glpk	4abb594c94c1732af39079a47eee0bc7f82ebffc	https://gitlab.alpinelinux.org/alpine/aports/-/tree/4abb594c94c1732af39079a47eee0bc7f82ebffc	9d12538fd1c44cd07bf98299114e1708846032609a58aef811343ae77441922e	Alpine RSA signature and signed payload digest verified
offline-apk	glu	9.0.3-r4	SGI-B-1.1 AND SGI-B-2.0	glu	93a84065c1b158732c478604e47d8a090ff98359	https://gitlab.alpinelinux.org/alpine/aports/-/tree/93a84065c1b158732c478604e47d8a090ff98359	f6abbcdd59df7c4c217bab0a8ecdfc38941986260c9c308f8f457c437fd168a5	Alpine RSA signature and signed payload digest verified
offline-apk	gmp	6.3.0-r4	LGPL-3.0-or-later OR GPL-2.0-or-later	gmp	206e7b39f7884d62a174aba4d33a42454518c1c2	https://gitlab.alpinelinux.org/alpine/aports/-/tree/206e7b39f7884d62a174aba4d33a42454518c1c2	4dab6e86b850fe1b5bc0cf2fac17efa4d7f648bea44f3d9019694cc1e1cb12b7	Alpine RSA signature and signed payload digest verified
offline-apk	gnutls	3.8.13-r0	LGPL-2.1-or-later	gnutls	c09f2e94a4b0b4077da49683cf0faa09ed63fb5b	https://gitlab.alpinelinux.org/alpine/aports/-/tree/c09f2e94a4b0b4077da49683cf0faa09ed63fb5b	8678c104d4c08e7e41b5fcacdfdbffa208066bcb1c3f7f8b620e0a6bd22b3e40	Alpine RSA signature and signed payload digest verified
offline-apk	gobject-introspection	1.86.0-r1	LGPL-2.0-or-later AND GPL-2.0-or-later AND MIT	gobject-introspection	f48701aa97c725aaabe89f85bb040ce56954d0bd	https://gitlab.alpinelinux.org/alpine/aports/-/tree/f48701aa97c725aaabe89f85bb040ce56954d0bd	583a1411425f9956d20a4cc25af485a3a877e944dbffd696f6633e0636f78f94	Alpine RSA signature and signed payload digest verified
offline-apk	graphicsmagick	1.3.47-r0	MIT	graphicsmagick	5d60c17bca1f7af02ee94835a14453ae9556840e	https://gitlab.alpinelinux.org/alpine/aports/-/tree/5d60c17bca1f7af02ee94835a14453ae9556840e	1f87e7af595c4e0de9036dcc4b31e97e76fd63dc8e281addb87d077d895ac65b	Alpine RSA signature and signed payload digest verified
offline-apk	graphicsmagick-c++	1.3.47-r0	MIT	graphicsmagick	5d60c17bca1f7af02ee94835a14453ae9556840e	https://gitlab.alpinelinux.org/alpine/aports/-/tree/5d60c17bca1f7af02ee94835a14453ae9556840e	ef4e7157b07cbc72fcc5042f6d9ff65b20730b144e09183c2d82b20685070e58	Alpine RSA signature and signed payload digest verified
offline-apk	graphite2	1.3.14-r6	LGPL-2.1-or-later OR MPL-1.1	graphite2	0016c47e531622da02431c8958156d300ba3ec12	https://gitlab.alpinelinux.org/alpine/aports/-/tree/0016c47e531622da02431c8958156d300ba3ec12	07ac746525d14925865451eb20d283406b9a907bbe828e818c32d667dabf48d7	Alpine RSA signature and signed payload digest verified
offline-apk	gtk+3.0	3.24.52-r0	LGPL-2.1-or-later	gtk+3.0	81ac3343fbf0ae01ce4105c13ae592294cad8843	https://gitlab.alpinelinux.org/alpine/aports/-/tree/81ac3343fbf0ae01ce4105c13ae592294cad8843	f228f53f8da557919a194ea4c5a14d67289a83cf67cade80f30f57d4a8244c69	Alpine RSA signature and signed payload digest verified
offline-apk	harfbuzz	13.2.1-r0	MIT	harfbuzz	0e23da21a00fc68f2e5ddc352354a9d11d12ee24	https://gitlab.alpinelinux.org/alpine/aports/-/tree/0e23da21a00fc68f2e5ddc352354a9d11d12ee24	0f2f652308dac47cbd2e75e4da9fd8cc3d08c6db562af4a2fbdfe5ebf54ebedd	Alpine RSA signature and signed payload digest verified
offline-apk	hdf5	1.14.4.2-r1	custom	hdf5	2e7ebce2af74de9232216d3214bc561b3de7b5ee	https://gitlab.alpinelinux.org/alpine/aports/-/tree/2e7ebce2af74de9232216d3214bc561b3de7b5ee	d92913da7759eee87ec783d5646f28ebbb777a52de55646925e37e9d8a1f63b9	Alpine RSA signature and signed payload digest verified
offline-apk	hicolor-icon-theme	0.18-r0	GPL-2.0-or-later	hicolor-icon-theme	0d5b763d2fa803e7d71b4d2272a138842e4966fa	https://gitlab.alpinelinux.org/alpine/aports/-/tree/0d5b763d2fa803e7d71b4d2272a138842e4966fa	ad7fcbb1bb774e7c5cd1996914cb455f6db81ace834dd3aae90c45561e4743d7	Alpine RSA signature and signed payload digest verified
offline-apk	hwdata-pci	0.408-r0	GPL-2.0-or-later OR XFree86-1.1	hwdata	6f27b0b36ae7a3874f59cedf8c361b4016ee30ac	https://gitlab.alpinelinux.org/alpine/aports/-/tree/6f27b0b36ae7a3874f59cedf8c361b4016ee30ac	d3831002498096bdf52b69b6c495323bd7d249f2d9b316a4677d3ebee60df2ac	Alpine RSA signature and signed payload digest verified
offline-apk	icu-data-full	78.1-r0	ICU	icu	6755fdb21483ba250d374c3244f0f48bc63447e2	https://gitlab.alpinelinux.org/alpine/aports/-/tree/6755fdb21483ba250d374c3244f0f48bc63447e2	e5034d8b51ad6f4b2a934afb39bde070dcaafaafa8251b56948e9d480978d092	Alpine RSA signature and signed payload digest verified
offline-apk	icu-libs	78.1-r0	ICU	icu	6755fdb21483ba250d374c3244f0f48bc63447e2	https://gitlab.alpinelinux.org/alpine/aports/-/tree/6755fdb21483ba250d374c3244f0f48bc63447e2	2393882dcf1e3f5be98696665c3468dd0d2a85cd568d50abd232729863df9738	Alpine RSA signature and signed payload digest verified
offline-apk	jack	1.9.22-r4	GPL-2.0-or-later	jack	f55d8d2dd5f289f1b8c5f069f00c830666d5625d	https://gitlab.alpinelinux.org/alpine/aports/-/tree/f55d8d2dd5f289f1b8c5f069f00c830666d5625d	90c3ee840d99969aa0bf658de96dc24603fc2f1e7ee0b9c9ac1346ca2d554790	Alpine RSA signature and signed payload digest verified
offline-apk	lame-libs	3.100-r5	LGPL-2.0-or-later	lame	ffd76e0bae9921b604c4d3fab6e236e6c7b4039a	https://gitlab.alpinelinux.org/alpine/aports/-/tree/ffd76e0bae9921b604c4d3fab6e236e6c7b4039a	f419c674f87667947534be07c1f5388a12d614da464a9be97522e3d932d8f48f	Alpine RSA signature and signed payload digest verified
offline-apk	lcms2	2.19-r0	MIT	lcms2	b103184b887bd33a5672484a96704363084b2901	https://gitlab.alpinelinux.org/alpine/aports/-/tree/b103184b887bd33a5672484a96704363084b2901	05c9e865ac443b8ff467c8e7c176ef323fac6c34f710410ef4f26c94478be7cd	Alpine RSA signature and signed payload digest verified
offline-apk	libatk-1.0	2.60.5-r0	LGPL-2.1-or-later	at-spi2-core	127aabdda292243f9eddbf9d4690d52a167de5c3	https://gitlab.alpinelinux.org/alpine/aports/-/tree/127aabdda292243f9eddbf9d4690d52a167de5c3	de8231e434a21012c8586e330f9bb26a85d40d700d9af571e23933c65349cb63	Alpine RSA signature and signed payload digest verified
offline-apk	libatk-bridge-2.0	2.60.5-r0	LGPL-2.1-or-later	at-spi2-core	127aabdda292243f9eddbf9d4690d52a167de5c3	https://gitlab.alpinelinux.org/alpine/aports/-/tree/127aabdda292243f9eddbf9d4690d52a167de5c3	82ff33781a127c1c974e2babb399cdaa5a08a222c9ce3ef6f49bd279c477ec45	Alpine RSA signature and signed payload digest verified
offline-apk	libb2	0.98.1-r3	CC0-1.0	libb2	4f8157b2e125ac222cade929bb25bda16305fefc	https://gitlab.alpinelinux.org/alpine/aports/-/tree/4f8157b2e125ac222cade929bb25bda16305fefc	2b92e1fa391fa53f89075eb637009f530b08841aa110987da9547085d62c5a7a	Alpine RSA signature and signed payload digest verified
offline-apk	libblkid	2.42.3-r1	LGPL-2.1-or-later	util-linux	d98c55af59055e6ca60fbe36e171546918709965	https://gitlab.alpinelinux.org/alpine/aports/-/tree/d98c55af59055e6ca60fbe36e171546918709965	9d0f24976c575c53c12526b6e078edf34c980c153bc8e5f1c1053cbece5b8cfa	Alpine RSA signature and signed payload digest verified
offline-apk	libbsd	0.12.2-r0	BSD-3-Clause	libbsd	02365e78d654a7beb23fd35d7d69f4a649009ede	https://gitlab.alpinelinux.org/alpine/aports/-/tree/02365e78d654a7beb23fd35d7d69f4a649009ede	1c4129bef0862afa2a7414217e8c3a50609abfe2e264b6f7ba6a5452ed6c3b35	Alpine RSA signature and signed payload digest verified
offline-apk	libbz2	1.0.8-r6	bzip2-1.0.6	bzip2	33283848034c9885d984c8e8697c645c57324938	https://gitlab.alpinelinux.org/alpine/aports/-/tree/33283848034c9885d984c8e8697c645c57324938	28cb76bb6d11d2a55c3061b5fcb2ab84996412a248b2c9fe52bb710d0a2a84e7	Alpine RSA signature and signed payload digest verified
offline-apk	libcap2	2.78-r0	BSD-3-Clause OR GPL-2.0-only	libcap	0c35848136c4c16a1b1672cb812efa88fffef1c2	https://gitlab.alpinelinux.org/alpine/aports/-/tree/0c35848136c4c16a1b1672cb812efa88fffef1c2	e13be383f18b1fcfe895361d816ff7cfd2b3c265e442bb371c4a234b29b0e4a9	Alpine RSA signature and signed payload digest verified
offline-apk	libcurl	8.22.0-r0	curl	curl	ab53c408436ac7199ed5b67bde204aaca73003bd	https://gitlab.alpinelinux.org/alpine/aports/-/tree/ab53c408436ac7199ed5b67bde204aaca73003bd	cbec830a63888be570c06d20d87c85649aff1db38c3b4dcc17884b14471e39e3	Alpine RSA signature and signed payload digest verified
offline-apk	libdav1d	1.5.3-r0	BSD-2-Clause	dav1d	6a13170ddff8fdf27712aa7d0e5437aa2407ff56	https://gitlab.alpinelinux.org/alpine/aports/-/tree/6a13170ddff8fdf27712aa7d0e5437aa2407ff56	5a58c1055ef5e7e987e58928bbd4f103ce8240384a8914822c3861907ff5d5eb	Alpine RSA signature and signed payload digest verified
offline-apk	libde265	1.0.18-r0	LGPL-3.0-or-later	libde265	3b1048d5a397b4e68f22e19f30c57332712d6b84	https://gitlab.alpinelinux.org/alpine/aports/-/tree/3b1048d5a397b4e68f22e19f30c57332712d6b84	9e16dcd7cc08d399b3c3a2aa920dc62ae2f23c0c4c8e3ae5bab49c3f83cfc83c	Alpine RSA signature and signed payload digest verified
offline-apk	libdrm	2.4.134-r0	MIT	libdrm	2015800769b781bef45917b668d10bffe2ac538f	https://gitlab.alpinelinux.org/alpine/aports/-/tree/2015800769b781bef45917b668d10bffe2ac538f	ad796caa2b8685d8a3d586bc06bb3b710efb497e8503372ac65c93ab7260623b	Alpine RSA signature and signed payload digest verified
offline-apk	libeconf	0.8.3-r0	MIT	libeconf	62db33049768522f381410614d59c7d732f72c3a	https://gitlab.alpinelinux.org/alpine/aports/-/tree/62db33049768522f381410614d59c7d732f72c3a	cf0899d49ded0a6891e3cdf1b37887f2ecd77293afe1d8f3cb8937763c83f183	Alpine RSA signature and signed payload digest verified
offline-apk	libelf	0.195-r0	GPL-3.0-or-later AND ( GPL-2.0-or-later OR LGPL-3.0-or-later )	elfutils	8f13294206888f3dd44ed74a8eb3dd9934499e81	https://gitlab.alpinelinux.org/alpine/aports/-/tree/8f13294206888f3dd44ed74a8eb3dd9934499e81	1c108314af454a885ac0b053201db57027470c4f2309412c016897e2a2bf5d0e	Alpine RSA signature and signed payload digest verified
offline-apk	libepoxy	1.5.10-r1	MIT	libepoxy	6bd45b53fb316dc01bda59f5feaf1e127eb64f22	https://gitlab.alpinelinux.org/alpine/aports/-/tree/6bd45b53fb316dc01bda59f5feaf1e127eb64f22	ddb716957da6c47fbfc68e0b6a4ee87b1d734cc2bce4090d7e695e4aa0216417	Alpine RSA signature and signed payload digest verified
offline-apk	libevdev	1.13.6-r0	MIT	libevdev	2af4dd0082956420a61fe680bb3da04034e67e34	https://gitlab.alpinelinux.org/alpine/aports/-/tree/2af4dd0082956420a61fe680bb3da04034e67e34	7e8f918dcdedbb817148ef46158d1093dac8856d58174d61b89679b06c57d347	Alpine RSA signature and signed payload digest verified
offline-apk	libexpat	2.8.4-r0	MIT	expat	08d1eb8641965d3807628f6a4ff15914be5b79ae	https://gitlab.alpinelinux.org/alpine/aports/-/tree/08d1eb8641965d3807628f6a4ff15914be5b79ae	ca1be5be36985a8370f4a8e9e33a25788ac95260295718e1b0b721a16bb2aa61	Alpine RSA signature and signed payload digest verified
offline-apk	libffi	3.5.2-r1	MIT	libffi	2c2a7bb4a8b16066834e90402567b2c19403a790	https://gitlab.alpinelinux.org/alpine/aports/-/tree/2c2a7bb4a8b16066834e90402567b2c19403a790	9a67280b0c7c62db658c2d4d32ed1199903bef859c32dd4245e1a7e35c89ab4b	Alpine RSA signature and signed payload digest verified
offline-apk	libflac	1.4.3-r2	BSD-3-Clause AND GPL-2.0-or-later	flac	253ee9b07f7696cc02f7dda9df81793e506a6c2d	https://gitlab.alpinelinux.org/alpine/aports/-/tree/253ee9b07f7696cc02f7dda9df81793e506a6c2d	07885c5f00fe9a1628cc72968b28e6713cdfea6b538190e3da0d5d10f862b4c7	Alpine RSA signature and signed payload digest verified
offline-apk	libfltk	1.3.11-r1	LGPL-2.0-only WITH FLTK-exception	fltk	7a02ccbc115c031eddb5836df5ed9bf41fb3bd8a	https://gitlab.alpinelinux.org/alpine/aports/-/tree/7a02ccbc115c031eddb5836df5ed9bf41fb3bd8a	0efdb034b506f0c1c7c9325b4f5a60f535bc0552742789f80e8a220680e1b3aa	Alpine RSA signature and signed payload digest verified
offline-apk	libfltk_gl	1.3.11-r1	LGPL-2.0-only WITH FLTK-exception	fltk	7a02ccbc115c031eddb5836df5ed9bf41fb3bd8a	https://gitlab.alpinelinux.org/alpine/aports/-/tree/7a02ccbc115c031eddb5836df5ed9bf41fb3bd8a	c20939b6bac20ffdcc293162c11157e5c882c2d69e73d21274ef1fb5165000d4	Alpine RSA signature and signed payload digest verified
offline-apk	libgcc	15.2.0-r5	GPL-2.0-or-later AND LGPL-2.1-or-later	gcc	423a8ad043d07f2c7546c8ec3e2b0384cda360ae	https://gitlab.alpinelinux.org/alpine/aports/-/tree/423a8ad043d07f2c7546c8ec3e2b0384cda360ae	369aaa6e9d099a737bad6dd3e6c2fe7bb1547ca26d22b94ee0411228f709b403	Alpine RSA signature and signed payload digest verified
offline-apk	libgfortran	15.2.0-r5	GPL-2.0-or-later AND LGPL-2.1-or-later	gcc	423a8ad043d07f2c7546c8ec3e2b0384cda360ae	https://gitlab.alpinelinux.org/alpine/aports/-/tree/423a8ad043d07f2c7546c8ec3e2b0384cda360ae	a1980abe31404dd7b71c40e2cf9b1cc38b74deb5e69c222f932086422fee0dc4	Alpine RSA signature and signed payload digest verified
offline-apk	libglycin	2.1.5-r0	MPL-2.0 OR LGPL-2.0-or-later	libglycin	ce376ccfea45bbc2bede2c6646f170c477c383c1	https://gitlab.alpinelinux.org/alpine/aports/-/tree/ce376ccfea45bbc2bede2c6646f170c477c383c1	3e36d9028c787ab22995769e550d3e5a6d96f608332469aadb2f952dd9c66b9c	Alpine RSA signature and signed payload digest verified
offline-apk	libgomp	15.2.0-r5	GPL-2.0-or-later AND LGPL-2.1-or-later	gcc	423a8ad043d07f2c7546c8ec3e2b0384cda360ae	https://gitlab.alpinelinux.org/alpine/aports/-/tree/423a8ad043d07f2c7546c8ec3e2b0384cda360ae	90576a8899c560d3983b8ac8442b5b75957a917bc1c4e950e005945080f8682f	Alpine RSA signature and signed payload digest verified
offline-apk	libheif	1.23.0-r0	LGPL-3.0-or-later	libheif	67776d4983526735866f12662cff4f1531f54d3f	https://gitlab.alpinelinux.org/alpine/aports/-/tree/67776d4983526735866f12662cff4f1531f54d3f	af91922f5623db93507b8e94dcaebc80e67fbd2b9a2c094962ad8ac0f6be6da5	Alpine RSA signature and signed payload digest verified
offline-apk	libheif-dav1d	1.23.0-r0	LGPL-3.0-or-later	libheif	67776d4983526735866f12662cff4f1531f54d3f	https://gitlab.alpinelinux.org/alpine/aports/-/tree/67776d4983526735866f12662cff4f1531f54d3f	03760ccb61df4b8797ba164db216e898cb865ecf89716e8af20462aac1ee6dfc	Alpine RSA signature and signed payload digest verified
offline-apk	libheif-libde265	1.23.0-r0	LGPL-3.0-or-later	libheif	67776d4983526735866f12662cff4f1531f54d3f	https://gitlab.alpinelinux.org/alpine/aports/-/tree/67776d4983526735866f12662cff4f1531f54d3f	a9273fa2f178be071d409f56bebe8e3e8bfe302b68cdfd0ea0850d66f32b69e4	Alpine RSA signature and signed payload digest verified
offline-apk	libice	1.1.2-r0	X11	libice	d4941e833167c30aa1172e6d8420d084698254ab	https://gitlab.alpinelinux.org/alpine/aports/-/tree/d4941e833167c30aa1172e6d8420d084698254ab	476b272715e49b036767a1d9935b581f5b33fb2bdfa8978244d145bbd1739792	Alpine RSA signature and signed payload digest verified
offline-apk	libidn2	2.3.8-r0	GPL-2.0-or-later OR LGPL-3.0-or-later	libidn2	8240e09aa2fdd8f9979b2016be082273965aff0c	https://gitlab.alpinelinux.org/alpine/aports/-/tree/8240e09aa2fdd8f9979b2016be082273965aff0c	d02ffda4510652f89c5fb89cd2e7ff721afb0c74e7d75476ad60bebe7ac0ae20	Alpine RSA signature and signed payload digest verified
offline-apk	libinput-libs	1.31.3-r0	MIT	libinput	3241f28bdb5504c76850ce79362f9f38d44d4fa6	https://gitlab.alpinelinux.org/alpine/aports/-/tree/3241f28bdb5504c76850ce79362f9f38d44d4fa6	9ce9a0d51f442ecee0ba370795c1dc6813115d3f271cbcb3ec12c9bd28732ab4	Alpine RSA signature and signed payload digest verified
offline-apk	libintl	1.0-r0	LGPL-2.1-or-later	gettext	a0b12dbf67fb047e79a1b76c6dfe6f2904d0d391	https://gitlab.alpinelinux.org/alpine/aports/-/tree/a0b12dbf67fb047e79a1b76c6dfe6f2904d0d391	d106a13e3e68103d3a8217406aae6186289baf352d0f3d10fc21938d2dd8adb1	Alpine RSA signature and signed payload digest verified
offline-apk	libjpeg-turbo	3.1.3-r0	BSD-3-Clause AND IJG AND Zlib	libjpeg-turbo	5fe6bebf850fc964a8525c81548397c39cb6f7cd	https://gitlab.alpinelinux.org/alpine/aports/-/tree/5fe6bebf850fc964a8525c81548397c39cb6f7cd	0e82bb8d0abad143d9a84ee32152707e5a71176bd803b070b6179e85e11bf2be	Alpine RSA signature and signed payload digest verified
offline-apk	libltdl	2.6.0-r1	LGPL-2.0-or-later AND GPL-2.0-or-later	libtool	21b05914806e37e3e9de9d1e5a037fc688cbebd6	https://gitlab.alpinelinux.org/alpine/aports/-/tree/21b05914806e37e3e9de9d1e5a037fc688cbebd6	16d92108ccd2f7155c88348a144ee51fd1c28ff483ec8a1dec5f20ff67f1e079	Alpine RSA signature and signed payload digest verified
offline-apk	libmagic	5.47-r2	BSD-2-Clause	file	a05d36fa86411cd0ce86d756f818e525d0eee1c3	https://gitlab.alpinelinux.org/alpine/aports/-/tree/a05d36fa86411cd0ce86d756f818e525d0eee1c3	bcd233f28a6f1c07cd789c47df2234eb35d2bac295aa223ea2ccef17d75ce0f0	Alpine RSA signature and signed payload digest verified
offline-apk	libmd	1.2.0-r0	BSD-3-Clause AND BSD-2-Clause AND ISC AND Beerware AND Public Domain	libmd	87b78bc6890645c317d3167bdbb0187502d0cda9	https://gitlab.alpinelinux.org/alpine/aports/-/tree/87b78bc6890645c317d3167bdbb0187502d0cda9	cb94430ebc45dbd5dd6882bfd296bb73ea3c337691f469bd1438e696a6e867eb	Alpine RSA signature and signed payload digest verified
offline-apk	libmount	2.42.3-r1	LGPL-2.1-or-later	util-linux	d98c55af59055e6ca60fbe36e171546918709965	https://gitlab.alpinelinux.org/alpine/aports/-/tree/d98c55af59055e6ca60fbe36e171546918709965	a2a6fc6aab7a59c70ec060f5fb8c950be42d1a017934bf32e5dd6984eaab15cc	Alpine RSA signature and signed payload digest verified
offline-apk	libncursesw	6.6_p20260516-r0	X11	ncurses	2cee8a7328d061418336ad327b512d96bcd7bc5e	https://gitlab.alpinelinux.org/alpine/aports/-/tree/2cee8a7328d061418336ad327b512d96bcd7bc5e	51a7aa4b3ec40b144d0801c0544e0a9f62e2a41d04b6067bb5e95786040741c6	Alpine RSA signature and signed payload digest verified
offline-apk	libogg	1.3.6-r0	BSD-3-Clause	libogg	c17e8cd839de47006a648ae64294616569946b3f	https://gitlab.alpinelinux.org/alpine/aports/-/tree/c17e8cd839de47006a648ae64294616569946b3f	a1805de4000502059b6de5a721b12d807ee99833efe76b9b0780e0544ae504b5	Alpine RSA signature and signed payload digest verified
offline-apk	libpanelw	6.6_p20260516-r0	X11	ncurses	2cee8a7328d061418336ad327b512d96bcd7bc5e	https://gitlab.alpinelinux.org/alpine/aports/-/tree/2cee8a7328d061418336ad327b512d96bcd7bc5e	a6912c654c821db4f8a801321709205bd482b0e515b862f2d02045e21b73d97d	Alpine RSA signature and signed payload digest verified
offline-apk	libpciaccess	0.19-r0	X11	libpciaccess	d5de88aad8098d25c1b9e53d4ca5e6ff6c90e234	https://gitlab.alpinelinux.org/alpine/aports/-/tree/d5de88aad8098d25c1b9e53d4ca5e6ff6c90e234	cc76a9b089614a20a5421d61c0551d3b2579efc85b57b9ee2f1be9bbfa5f433e	Alpine RSA signature and signed payload digest verified
offline-apk	libpcre2-16	10.48-r0	BSD-3-Clause	pcre2	abc383a51f67922cd61e338b1461cddaa1814b28	https://gitlab.alpinelinux.org/alpine/aports/-/tree/abc383a51f67922cd61e338b1461cddaa1814b28	4f7f346eebe78230a1de1f3b96e9714c34885a93a0455966685cd6df72a03063	Alpine RSA signature and signed payload digest verified
offline-apk	libpng	1.6.58-r1	Libpng	libpng	47f0ce2db0f841ad73afd91ff4d71bca0f46ad05	https://gitlab.alpinelinux.org/alpine/aports/-/tree/47f0ce2db0f841ad73afd91ff4d71bca0f46ad05	98d3a69a159ea506a5587bff07de5fa3e91d0cc10501c17e3905e4314d1d30b8	Alpine RSA signature and signed payload digest verified
offline-apk	libproxy	0.5.12-r0	LGPL-2.0-or-later	libproxy	851c5e6677e09a71066d12f6585699453fd3d245	https://gitlab.alpinelinux.org/alpine/aports/-/tree/851c5e6677e09a71066d12f6585699453fd3d245	5c4d4e7deedccc48774b2cd547868bf909e0d6bbe42be9b4e5c064a41d94b036	Alpine RSA signature and signed payload digest verified
offline-apk	libpsl	0.21.5-r3	MIT	libpsl	6bd45b53fb316dc01bda59f5feaf1e127eb64f22	https://gitlab.alpinelinux.org/alpine/aports/-/tree/6bd45b53fb316dc01bda59f5feaf1e127eb64f22	b31e91371425d5f80c1db5cba2a849956b65c802add0b49de844b2ca961aa8da	Alpine RSA signature and signed payload digest verified
offline-apk	libsamplerate	0.2.2-r3	BSD-2-Clause	libsamplerate	33283848034c9885d984c8e8697c645c57324938	https://gitlab.alpinelinux.org/alpine/aports/-/tree/33283848034c9885d984c8e8697c645c57324938	bcc5daf4dd1c25a234249b8a0d46deac8e2913e46193dfb44ca06b9c2cfa726d	Alpine RSA signature and signed payload digest verified
offline-apk	libseccomp	2.6.0-r2	LGPL-2.1-or-later	libseccomp	5c5f3eb6cfaaa7596d548e4de2ec8dbe95d5b206	https://gitlab.alpinelinux.org/alpine/aports/-/tree/5c5f3eb6cfaaa7596d548e4de2ec8dbe95d5b206	8d57be8b00171a0647ce70be272d3ddb067ce086223dff0662e7f39b1e13ec63	Alpine RSA signature and signed payload digest verified
offline-apk	libsharpyuv	1.6.0-r0	BSD-3-Clause	libwebp	af8b48fabd19b69b00f5efe192f461896a38cf74	https://gitlab.alpinelinux.org/alpine/aports/-/tree/af8b48fabd19b69b00f5efe192f461896a38cf74	c21fbafab87b1a5a105f4ede43e2fc78a221cb0a093502b8cb1e1ca55d48ab41	Alpine RSA signature and signed payload digest verified
offline-apk	libsm	1.2.6-r0	MIT	libsm	4eaa957537767ad0344894ad0e609068b26bf85d	https://gitlab.alpinelinux.org/alpine/aports/-/tree/4eaa957537767ad0344894ad0e609068b26bf85d	011070c4c189b40f420c8b3a002aac8576d0da470dcfd6d98d8a1405ce4c98e6	Alpine RSA signature and signed payload digest verified
offline-apk	libsndfile	1.2.2-r2	LGPL-2.1-or-later	libsndfile	3acdcc403bf369664fa1f448972400bc9e79cb98	https://gitlab.alpinelinux.org/alpine/aports/-/tree/3acdcc403bf369664fa1f448972400bc9e79cb98	dab67a7bcc10da84a16d34e0e2312c1ace6358301d50ed864b953745bb99159d	Alpine RSA signature and signed payload digest verified
offline-apk	libstdc++	15.2.0-r5	GPL-2.0-or-later AND LGPL-2.1-or-later	gcc	423a8ad043d07f2c7546c8ec3e2b0384cda360ae	https://gitlab.alpinelinux.org/alpine/aports/-/tree/423a8ad043d07f2c7546c8ec3e2b0384cda360ae	2302e766d4e4926038ec166ecb85837ee884576115236ddb565e3a5fca4a11d7	Alpine RSA signature and signed payload digest verified
offline-apk	libsz	1.1.6-r0	BSD-2-Clause	libaec	9645d8e92a65bead40d811068a593515bdd70502	https://gitlab.alpinelinux.org/alpine/aports/-/tree/9645d8e92a65bead40d811068a593515bdd70502	918583edcd00d13ab21d68481e07dd952abd90e501f350123a4f66ed6ac1d63b	Alpine RSA signature and signed payload digest verified
offline-apk	libtasn1	4.21.0-r0	LGPL-2.1-or-later	libtasn1	771f180774aa0d9d3783d7f4eb9e3788c615658b	https://gitlab.alpinelinux.org/alpine/aports/-/tree/771f180774aa0d9d3783d7f4eb9e3788c615658b	c9fcd102c576a05675ebf4d61f147e5209fd4518e8627f229032240afaf7624b	Alpine RSA signature and signed payload digest verified
offline-apk	libunistring	1.4.2-r0	GPL-2.0-or-later OR LGPL-3.0-or-later	libunistring	30d9f19340385b2cd16eaf1cc6a9a8b30c4afe1c	https://gitlab.alpinelinux.org/alpine/aports/-/tree/30d9f19340385b2cd16eaf1cc6a9a8b30c4afe1c	58abfcbce2459071c505771a572a79953d6043d72b643ed0d5285ca39cdaf85c	Alpine RSA signature and signed payload digest verified
offline-apk	libuuid	2.42.3-r1	BSD-3-Clause	util-linux	d98c55af59055e6ca60fbe36e171546918709965	https://gitlab.alpinelinux.org/alpine/aports/-/tree/d98c55af59055e6ca60fbe36e171546918709965	9ce20c7ffe2ccaa7c321893c10564abbca13c3f2edb82f60a35f1f68e004f86c	Alpine RSA signature and signed payload digest verified
offline-apk	libvorbis	1.3.7-r2	BSD-3-Clause	libvorbis	fc95c59998285564fbcb0bfb2443898c62e10171	https://gitlab.alpinelinux.org/alpine/aports/-/tree/fc95c59998285564fbcb0bfb2443898c62e10171	1cd254abdafdf13610d47c19d37cfd8df69f5bed500f69d0aa4295ab479f0a8f	Alpine RSA signature and signed payload digest verified
offline-apk	libwebp	1.6.0-r0	BSD-3-Clause	libwebp	af8b48fabd19b69b00f5efe192f461896a38cf74	https://gitlab.alpinelinux.org/alpine/aports/-/tree/af8b48fabd19b69b00f5efe192f461896a38cf74	6bb4ac037094bdd70537fdfa90fc5f71eb4efc0d0b94e392bce7557fb0a6a208	Alpine RSA signature and signed payload digest verified
offline-apk	libwebpmux	1.6.0-r0	BSD-3-Clause	libwebp	af8b48fabd19b69b00f5efe192f461896a38cf74	https://gitlab.alpinelinux.org/alpine/aports/-/tree/af8b48fabd19b69b00f5efe192f461896a38cf74	3448d2dcad3604dd46299be72ea3fe0b6bba16403fae487ecbf672d71305414c	Alpine RSA signature and signed payload digest verified
offline-apk	libwmflite	0.2.13-r1	LGPL-2.0-or-later	libwmf	378cc0a9a354d37681ee34ea90acf691d6367a11	https://gitlab.alpinelinux.org/alpine/aports/-/tree/378cc0a9a354d37681ee34ea90acf691d6367a11	cbe8d93451619cc9148dd9f1a17260203df204914271b1e338f1f0cf65174631	Alpine RSA signature and signed payload digest verified
offline-apk	libx11	1.8.13-r0	X11	libx11	f993bc30142d46271ede4a746c1abefaa1a78eee	https://gitlab.alpinelinux.org/alpine/aports/-/tree/f993bc30142d46271ede4a746c1abefaa1a78eee	177e63beb3c219f4b811a4453b84651814444547f11a890d688f1129961e4dd5	Alpine RSA signature and signed payload digest verified
offline-apk	libxau	1.0.12-r0	MIT	libxau	6bd45b53fb316dc01bda59f5feaf1e127eb64f22	https://gitlab.alpinelinux.org/alpine/aports/-/tree/6bd45b53fb316dc01bda59f5feaf1e127eb64f22	179a76248d0eea545f3affafc1275358dc671547a2ab76ff3e93edecb612864b	Alpine RSA signature and signed payload digest verified
offline-apk	libxcb	1.17.0-r2	MIT	libxcb	5e1b822309fb17cc2ebd46d6fbacb1763acbcdd1	https://gitlab.alpinelinux.org/alpine/aports/-/tree/5e1b822309fb17cc2ebd46d6fbacb1763acbcdd1	21dbe6dfbc477baa1bad13b82b8e61b83e34e1c474d3913f33ad5fc5b890afa0	Alpine RSA signature and signed payload digest verified
offline-apk	libxcomposite	0.4.7-r0	MIT	libxcomposite	c0827d5370257f42994fa6711c985015efdf9037	https://gitlab.alpinelinux.org/alpine/aports/-/tree/c0827d5370257f42994fa6711c985015efdf9037	756c00c22167d020da4bcce1a67a0276e245cdf5f6ed3d5b488cbd076816f1e7	Alpine RSA signature and signed payload digest verified
offline-apk	libxcursor	1.2.3-r0	MIT	libxcursor	1d6d12ed6f5cc1fc2e382d0bdc6fc90712745e8a	https://gitlab.alpinelinux.org/alpine/aports/-/tree/1d6d12ed6f5cc1fc2e382d0bdc6fc90712745e8a	3e1d5f0beb0d0c1222178951195fe6a896afda3efa315dd89101c00ebc04ada6	Alpine RSA signature and signed payload digest verified
offline-apk	libxdamage	1.1.7-r0	MIT	libxdamage	5ef54777a8564f6c7515d1e0b04883cbd11ffa32	https://gitlab.alpinelinux.org/alpine/aports/-/tree/5ef54777a8564f6c7515d1e0b04883cbd11ffa32	15423918fc3968bd458931a6ae003d5155d68f850b04f893191e2c07d610476a	Alpine RSA signature and signed payload digest verified
offline-apk	libxdmcp	1.1.5-r1	MIT	libxdmcp	614e9166706cec427fc3d907b8d981390a42e088	https://gitlab.alpinelinux.org/alpine/aports/-/tree/614e9166706cec427fc3d907b8d981390a42e088	4f6fe6269deadf99d2cd69b0a77cdaae1cab414738edf59df4ae79f4871c7adb	Alpine RSA signature and signed payload digest verified
offline-apk	libxext	1.3.7-r0	MIT	libxext	4ec252fa3e6e8edf16d0d6da3fe6dd39e2263942	https://gitlab.alpinelinux.org/alpine/aports/-/tree/4ec252fa3e6e8edf16d0d6da3fe6dd39e2263942	06886b15075a537fcd499c243facd0ec8c3e38eddef19be68ef185c079c462e4	Alpine RSA signature and signed payload digest verified
offline-apk	libxfixes	6.0.2-r0	MIT	libxfixes	9d33b3af389f39ad78c80e3274aaf5adbbdb8150	https://gitlab.alpinelinux.org/alpine/aports/-/tree/9d33b3af389f39ad78c80e3274aaf5adbbdb8150	5d389f949f0f0e1753fcbfeeda8f06f12c9f14b13ec1cadb7f553cc8f11420a8	Alpine RSA signature and signed payload digest verified
offline-apk	libxft	2.3.9-r0	MIT	libxft	9a4062b0f278b43370faa58195206c5ef94e7899	https://gitlab.alpinelinux.org/alpine/aports/-/tree/9a4062b0f278b43370faa58195206c5ef94e7899	ec2eabfee31f018976518f95e84e707d4b47d2d4a27180bc171595316c35f385	Alpine RSA signature and signed payload digest verified
offline-apk	libxi	1.8.3-r0	MIT AND X11	libxi	472fb58e237c5ace7489b1073b2758d28658d80d	https://gitlab.alpinelinux.org/alpine/aports/-/tree/472fb58e237c5ace7489b1073b2758d28658d80d	4735bd464940a424aa9c9b569fe2e028c45875c9acf226d35cf6e2ee3338c5db	Alpine RSA signature and signed payload digest verified
offline-apk	libxinerama	1.1.6-r0	MIT	libxinerama	4b83e9a57e623461c4173c3cf261045b7f225b44	https://gitlab.alpinelinux.org/alpine/aports/-/tree/4b83e9a57e623461c4173c3cf261045b7f225b44	96198e671dbfd58a54fb00d6e70ac05975a18c186e68c987aad72d4614ab4ff3	Alpine RSA signature and signed payload digest verified
offline-apk	libxkbcommon	1.13.1-r0	MIT AND MIT-open-group AND HPND AND HPND-sell-variant AND LicenseRef-digital-equipment-corporation	libxkbcommon	76aa0b70442b4172a6770da5875b1bcbe38f3965	https://gitlab.alpinelinux.org/alpine/aports/-/tree/76aa0b70442b4172a6770da5875b1bcbe38f3965	484370ec7cb91bd8035a7f947620885557daf0d4b10d8dbe50f207875828988e	Alpine RSA signature and signed payload digest verified
offline-apk	libxkbcommon-x11	1.13.1-r0	MIT AND MIT-open-group AND HPND AND HPND-sell-variant AND LicenseRef-digital-equipment-corporation	libxkbcommon	76aa0b70442b4172a6770da5875b1bcbe38f3965	https://gitlab.alpinelinux.org/alpine/aports/-/tree/76aa0b70442b4172a6770da5875b1bcbe38f3965	823e7ecca489a20376488031e3c776654b2cbec0ee545af7db478837df09b0da	Alpine RSA signature and signed payload digest verified
offline-apk	libxml2	2.13.9-r2	MIT	libxml2	f1bd5b6767a0e7fdda380c95138a1c938eb6e102	https://gitlab.alpinelinux.org/alpine/aports/-/tree/f1bd5b6767a0e7fdda380c95138a1c938eb6e102	0a860a26ebdfea491498386fe682130f4c5565e46ee8e0a2281256db2ef1be27	Alpine RSA signature and signed payload digest verified
offline-apk	libxmu	1.3.1-r0	MIT	libxmu	6975763371783f76ea45b6a55d224ca72b73d090	https://gitlab.alpinelinux.org/alpine/aports/-/tree/6975763371783f76ea45b6a55d224ca72b73d090	98cdc4029543869357d98fc109e86d1db7645a0c4522ee6033d90f435c43e275	Alpine RSA signature and signed payload digest verified
offline-apk	libxrandr	1.5.5-r0	MIT	libxrandr	4a608248a9e09710a60f3d9027f19a14a5971dac	https://gitlab.alpinelinux.org/alpine/aports/-/tree/4a608248a9e09710a60f3d9027f19a14a5971dac	3d40a24141af8de45fb907864b18197aa1d66914c1102c3b0e11973a716ce232	Alpine RSA signature and signed payload digest verified
offline-apk	libxrender	0.9.12-r0	MIT	libxrender	74030d4140b68e8d4d36a357751f156ab31840c2	https://gitlab.alpinelinux.org/alpine/aports/-/tree/74030d4140b68e8d4d36a357751f156ab31840c2	bdd1ac2c5b70b45c2a09bffbab54073d5dafb9a6fe989583fb439b15952ccf2b	Alpine RSA signature and signed payload digest verified
offline-apk	libxshmfence	1.3.3-r0	MIT	libxshmfence	8bac74716d06c84627ab02d101fd9d2bafd0a34c	https://gitlab.alpinelinux.org/alpine/aports/-/tree/8bac74716d06c84627ab02d101fd9d2bafd0a34c	e92d2985e15419b30d180ffefc69bff0a26248e5fd980f94e5adbd57dcfdfc60	Alpine RSA signature and signed payload digest verified
offline-apk	libxt	1.3.1-r0	MIT	libxt	60222ebeadec75e483e49194130c6963d0fcbf75	https://gitlab.alpinelinux.org/alpine/aports/-/tree/60222ebeadec75e483e49194130c6963d0fcbf75	2fe4588dcab83f29ea12bf8ce4a63d25a487f1e86edc75bf60720b7da59dee7a	Alpine RSA signature and signed payload digest verified
offline-apk	libxxf86vm	1.1.7-r0	MIT	libxxf86vm	ac89fbb35d37756385378e461847c2b0a61613dd	https://gitlab.alpinelinux.org/alpine/aports/-/tree/ac89fbb35d37756385378e461847c2b0a61613dd	a85a4f82da77bef6055fe27adf01772acfcdf30cfecd74528149d6793c2685a4	Alpine RSA signature and signed payload digest verified
offline-apk	llvm22-libs	22.1.3-r0	Apache-2.0	llvm22	4067b1fd9a40691da357b0ae07a700c6a458b1bd	https://gitlab.alpinelinux.org/alpine/aports/-/tree/4067b1fd9a40691da357b0ae07a700c6a458b1bd	468bc2e8efa070bf6837d0388122048806576d84e9578aa909e40bdd98109a93	Alpine RSA signature and signed payload digest verified
offline-apk	mesa	26.1.6-r0	MIT AND SGI-B-2.0 AND BSL-1.0	mesa	b94e73658216f4e91c701bfdeb420e6874910a74	https://gitlab.alpinelinux.org/alpine/aports/-/tree/b94e73658216f4e91c701bfdeb420e6874910a74	081ea0a54f57373442b539e353a296f178af39a9e5e11da6b571424c398275e5	Alpine RSA signature and signed payload digest verified
offline-apk	mesa-egl	26.1.6-r0	MIT AND SGI-B-2.0 AND BSL-1.0	mesa	b94e73658216f4e91c701bfdeb420e6874910a74	https://gitlab.alpinelinux.org/alpine/aports/-/tree/b94e73658216f4e91c701bfdeb420e6874910a74	6b49e6f263427218289aa19b83aae533d79bda984a430964e2ed21592b4b65eb	Alpine RSA signature and signed payload digest verified
offline-apk	mesa-gbm	26.1.6-r0	MIT AND SGI-B-2.0 AND BSL-1.0	mesa	b94e73658216f4e91c701bfdeb420e6874910a74	https://gitlab.alpinelinux.org/alpine/aports/-/tree/b94e73658216f4e91c701bfdeb420e6874910a74	3a5487b688e3f072f134133b8a6538d552c9ebc86dedb5f0d54e2566f110f5da	Alpine RSA signature and signed payload digest verified
offline-apk	mesa-gl	26.1.6-r0	MIT AND SGI-B-2.0 AND BSL-1.0	mesa	b94e73658216f4e91c701bfdeb420e6874910a74	https://gitlab.alpinelinux.org/alpine/aports/-/tree/b94e73658216f4e91c701bfdeb420e6874910a74	580a5cd3e8d31b8774e78ad7a3d5798f667d0ee98d07e8afd0765daf6d450720	Alpine RSA signature and signed payload digest verified
offline-apk	mesa-gles	26.1.6-r0	MIT AND SGI-B-2.0 AND BSL-1.0	mesa	b94e73658216f4e91c701bfdeb420e6874910a74	https://gitlab.alpinelinux.org/alpine/aports/-/tree/b94e73658216f4e91c701bfdeb420e6874910a74	1553461ee9e91a4d6fad5941d6a98f43e14b0d920c302b5e21504a6411b2183f	Alpine RSA signature and signed payload digest verified
offline-apk	mpdecimal	4.0.1-r0	BSD-2-Clause	mpdecimal	c0519b85456e9b838e3142e1d233aab0b433b476	https://gitlab.alpinelinux.org/alpine/aports/-/tree/c0519b85456e9b838e3142e1d233aab0b433b476	358959600f99f58deee30ca9089c7f6f0f1bd73cc0021e321a7dbf6f735935c6	Alpine RSA signature and signed payload digest verified
offline-apk	mpfr4	4.2.2-r0	LGPL-3.0-or-later	mpfr4	011955c827a3e7545ea82225e1f20c6a06617c7a	https://gitlab.alpinelinux.org/alpine/aports/-/tree/011955c827a3e7545ea82225e1f20c6a06617c7a	81cb276c1e050138fed90c8f1ef584cf5bfce26739733753fce138fc0a092b35	Alpine RSA signature and signed payload digest verified
offline-apk	mpg123-libs	1.33.5-r0	LGPL-2.1-only	mpg123	017919108b432743fd6862fb290980809c9cf60f	https://gitlab.alpinelinux.org/alpine/aports/-/tree/017919108b432743fd6862fb290980809c9cf60f	c84670c6c96fbb10b5d945db6b3cf05302042a006ded312b5e5f9797d85f5115	Alpine RSA signature and signed payload digest verified
offline-apk	mtdev	1.1.7-r0	MIT	mtdev	6867e384dbfbd0b8efadbca989e9778190e89496	https://gitlab.alpinelinux.org/alpine/aports/-/tree/6867e384dbfbd0b8efadbca989e9778190e89496	f8b79dcbb4f761147ea12bdcc078383ebbd6c94399c76ae73ef79ee3e4ca6ed5	Alpine RSA signature and signed payload digest verified
offline-apk	ncurses-terminfo-base	6.6_p20260516-r0	X11	ncurses	2cee8a7328d061418336ad327b512d96bcd7bc5e	https://gitlab.alpinelinux.org/alpine/aports/-/tree/2cee8a7328d061418336ad327b512d96bcd7bc5e	e0c546b9461bdce206a90bc720cb69aa4628b5a5b8d908c3e5084e00f28f6a9d	Alpine RSA signature and signed payload digest verified
offline-apk	nettle	3.10.2-r0	GPL-2.0-or-later OR LGPL-3.0-or-later	nettle	bf898e6d067c1c0ecc0f5ff39c79fc893399acd8	https://gitlab.alpinelinux.org/alpine/aports/-/tree/bf898e6d067c1c0ecc0f5ff39c79fc893399acd8	573c54ecb55b157d9cd5323eb3a9bb9d87b375ee20392a6a9d16c0ba098af9e5	Alpine RSA signature and signed payload digest verified
offline-apk	nghttp2-libs	1.69.0-r0	MIT	nghttp2	2f3038c86a2a055b2becb5a8c4fd86365f77347a	https://gitlab.alpinelinux.org/alpine/aports/-/tree/2f3038c86a2a055b2becb5a8c4fd86365f77347a	10ec950fca526db87bbdc0702ba623fca6639df15abb48229f548d6812563b33	Alpine RSA signature and signed payload digest verified
offline-apk	octave	11.1.0-r0	GPL-3.0-or-later	octave	4eb0eccd89391326cd247e57bdf2e1c95d93ee1e	https://gitlab.alpinelinux.org/alpine/aports/-/tree/4eb0eccd89391326cd247e57bdf2e1c95d93ee1e	34484719971845d5dbf6efa5ba32d76000860a74fba624617c317f80a267d4b9	Alpine RSA signature and signed payload digest verified
offline-apk	openblas	0.3.30-r2	BSD-3-Clause	openblas	2999d76115d643bfc87ed25f3e241b7d7f3f27f1	https://gitlab.alpinelinux.org/alpine/aports/-/tree/2999d76115d643bfc87ed25f3e241b7d7f3f27f1	ed19e3c1f0242b21462f551116a87a90bb24e4d440b4938dcf36e24e0b71ade4	Alpine RSA signature and signed payload digest verified
offline-apk	opus	1.6.1-r0	BSD-3-Clause	opus	6664b23b1c7a2d0887ff2cb0edc93fccb1474c8b	https://gitlab.alpinelinux.org/alpine/aports/-/tree/6664b23b1c7a2d0887ff2cb0edc93fccb1474c8b	e4cb30c375a9a3c5600cf72d685732c27830d75188b590144003ff2f200b2fd1	Alpine RSA signature and signed payload digest verified
offline-apk	p11-kit	0.26.2-r0	BSD-3-Clause	p11-kit	922ca1ffc9cc326f7d95b093b365e31da5cba1a9	https://gitlab.alpinelinux.org/alpine/aports/-/tree/922ca1ffc9cc326f7d95b093b365e31da5cba1a9	0ad7cbbc011491b604b4d8fb8aafb6ce2a271c19eb8b785dd51f1704c61c58a5	Alpine RSA signature and signed payload digest verified
offline-apk	pandoc-cli	3.10-r0	GPL-2.0-or-later	pandoc-cli	77901f1086be8541ce5a5bf4da07651770e0d375	https://gitlab.alpinelinux.org/alpine/aports/-/tree/77901f1086be8541ce5a5bf4da07651770e0d375	646b93aa077366c0dcdf8ab701992841dd43a95d4dbe259c00b317add3161a6a	Alpine RSA signature and signed payload digest verified
offline-apk	pango	1.57.1-r0	LGPL-2.1-or-later	pango	18857621f16b29e66140dace710d0ad4016d9a90	https://gitlab.alpinelinux.org/alpine/aports/-/tree/18857621f16b29e66140dace710d0ad4016d9a90	59a4be0b15a5dc3cf8bc425c65626a9f8a975a1d1beb5d3645fce34bf578c0a5	Alpine RSA signature and signed payload digest verified
offline-apk	pcre2	10.48-r0	BSD-3-Clause	pcre2	abc383a51f67922cd61e338b1461cddaa1814b28	https://gitlab.alpinelinux.org/alpine/aports/-/tree/abc383a51f67922cd61e338b1461cddaa1814b28	0e8a425ec23fca1b549e83758b385e7186a070597e8dc014163462f960079167	Alpine RSA signature and signed payload digest verified
offline-apk	pixman	0.46.4-r0	MIT	pixman	9337ac809a431f004386ea3e279e3d55f770e7d3	https://gitlab.alpinelinux.org/alpine/aports/-/tree/9337ac809a431f004386ea3e279e3d55f770e7d3	022ab7d2b766f3893e6c457a03c723fe3e79e9f009d8a62d06f1692d9f2fc77f	Alpine RSA signature and signed payload digest verified
offline-apk	pkgconf	2.5.1-r0	ISC	pkgconf	c6f80aa8e59c70d19e2d556c526f151656058536	https://gitlab.alpinelinux.org/alpine/aports/-/tree/c6f80aa8e59c70d19e2d556c526f151656058536	6b716719ac9457bd35c8ea5373da1dc33ae86863bbb0f411aed0cb5e71b9cf2d	Alpine RSA signature and signed payload digest verified
offline-apk	portaudio	19.7.0-r3	MIT	portaudio	e521443b971d4ca837238b45f1d5c6357de5701c	https://gitlab.alpinelinux.org/alpine/aports/-/tree/e521443b971d4ca837238b45f1d5c6357de5701c	33265940de4c9737557adbb9af35d0aa2dacc1ef12246b65c04ba02761d02c98	Alpine RSA signature and signed payload digest verified
offline-apk	py3-iniconfig	2.3.0-r1	MIT	py3-iniconfig	b435e246328144be4270de9c4382ec40d8972028	https://gitlab.alpinelinux.org/alpine/aports/-/tree/b435e246328144be4270de9c4382ec40d8972028	2e6e7dfb5760522fefab22cd23f26378ee35c2b0e45df79281cbc5450b08abf1	Alpine RSA signature and signed payload digest verified
offline-apk	py3-packaging	26.2-r0	Apache-2.0 AND BSD-2-Clause	py3-packaging	8752a7b58577daa7f37849591e675172eadb4055	https://gitlab.alpinelinux.org/alpine/aports/-/tree/8752a7b58577daa7f37849591e675172eadb4055	9638da0a102f1de1f02d54a208068e64d3301b503b6c083c3839755b23f0ea0a	Alpine RSA signature and signed payload digest verified
offline-apk	py3-parsing	3.3.2-r1	MIT	py3-parsing	91175ae0a18da54ff1f4fbe77636c8d4ca7ec024	https://gitlab.alpinelinux.org/alpine/aports/-/tree/91175ae0a18da54ff1f4fbe77636c8d4ca7ec024	5231d541e3142527f94cd716da27384270d030907bb5ea74e4cbf315906d7f46	Alpine RSA signature and signed payload digest verified
offline-apk	py3-pluggy	1.6.0-r1	MIT	py3-pluggy	9a092f3f44d4bb23737b4fee92e78092f7ba4b04	https://gitlab.alpinelinux.org/alpine/aports/-/tree/9a092f3f44d4bb23737b4fee92e78092f7ba4b04	f1a545886b63d34de86d0d2ff8ef7d0bcb4535a895c2237c226460681e7e581f	Alpine RSA signature and signed payload digest verified
offline-apk	py3-py	1.11.0-r5	MIT	py3-py	b3791c1d825f1f0e7c6f0a8c97eb1a446e7769ab	https://gitlab.alpinelinux.org/alpine/aports/-/tree/b3791c1d825f1f0e7c6f0a8c97eb1a446e7769ab	c1d47535a08b70d25a3bcced40e4576eb3c3d4dfdd28d5e14b182a20bab5f25e	Alpine RSA signature and signed payload digest verified
offline-apk	py3-pygments	2.20.0-r0	BSD-2-Clause	py3-pygments	6c26bdb30b887a803c06b3b635099ee21bc72190	https://gitlab.alpinelinux.org/alpine/aports/-/tree/6c26bdb30b887a803c06b3b635099ee21bc72190	8f6f0144608dac4b682d73249c56853e32696e49f8af3587a23209df90575df0	Alpine RSA signature and signed payload digest verified
offline-apk	py3-pytest	9.0.3-r0	MIT	py3-pytest	752bc0532f3a44abb93cb877eb5cc8d9822f7da8	https://gitlab.alpinelinux.org/alpine/aports/-/tree/752bc0532f3a44abb93cb877eb5cc8d9822f7da8	e3d733323de7fb6184f8a188f5e0360ab022f71a655ca06b67388f36341990d2	Alpine RSA signature and signed payload digest verified
offline-apk	python3	3.14.7-r1	PSF-2.0	python3	d17c5866a2f2c56b63c19dac9070091d6519b167	https://gitlab.alpinelinux.org/alpine/aports/-/tree/d17c5866a2f2c56b63c19dac9070091d6519b167	78a3ca29b9443ab19d3092e71f485b185badb3aea9165e59d54c257dccc98a27	Alpine RSA signature and signed payload digest verified
offline-apk	qhull	2020.2-r3	custom	qhull	1e83619daf25d8409bda53ef3a2e49af7ae6f996	https://gitlab.alpinelinux.org/alpine/aports/-/tree/1e83619daf25d8409bda53ef3a2e49af7ae6f996	b309a7551471b01e745d2ca86c15524b93020abfbb064c4d031786d5c671799f	Alpine RSA signature and signed payload digest verified
offline-apk	qrupdate	1.1.5-r1	GPL-3.0-only	qrupdate	eab9f044bf2bbf63b3d48e4fda826c1aad06f3d3	https://gitlab.alpinelinux.org/alpine/aports/-/tree/eab9f044bf2bbf63b3d48e4fda826c1aad06f3d3	8f09137d1bbb8f6b2fbc0daf15fc3397bca59da3f581884fd060746ee9107464	Alpine RSA signature and signed payload digest verified
offline-apk	qscintilla	2.14.1-r4	GPL-3.0-only	qscintilla	07069465506dc11e4151b65491fc5bf3481f4d0c	https://gitlab.alpinelinux.org/alpine/aports/-/tree/07069465506dc11e4151b65491fc5bf3481f4d0c	86b82c0156e202061b843d24677590e95568a25ab57207c8eac24bf724bdc19b	Alpine RSA signature and signed payload digest verified
offline-apk	qt5-qtbase	5.15.18_git20251101-r0	LGPL-2.1-only AND LGPL-3.0-only AND GPL-3.0-only AND Qt-GPL-exception-1.0	qt5-qtbase	2be453c7ad76c8c217e1425cec1b7981cb8285cb	https://gitlab.alpinelinux.org/alpine/aports/-/tree/2be453c7ad76c8c217e1425cec1b7981cb8285cb	38076858a898ea6185c5591fc2a767edbdf6d3b66fbf3eb723cb56fd0e159ada	Alpine RSA signature and signed payload digest verified
offline-apk	qt5-qtbase-x11	5.15.18_git20251101-r0	LGPL-2.1-only AND LGPL-3.0-only AND GPL-3.0-only AND Qt-GPL-exception-1.0	qt5-qtbase	2be453c7ad76c8c217e1425cec1b7981cb8285cb	https://gitlab.alpinelinux.org/alpine/aports/-/tree/2be453c7ad76c8c217e1425cec1b7981cb8285cb	92640e0aa07a66c98be3bb1dae65ede928befe264f2d1a13eba12e762e079d57	Alpine RSA signature and signed payload digest verified
offline-apk	qt6-qt5compat	6.11.1-r0	LGPL-2.1-only AND LGPL-3.0-only AND GPL-3.0-only AND Qt-GPL-exception-1.0	qt6-qt5compat	6a90a193c394ac5e57468bbf61e7176aa894927e	https://gitlab.alpinelinux.org/alpine/aports/-/tree/6a90a193c394ac5e57468bbf61e7176aa894927e	a2bcea276afb165d5fea2b7684a69681c225312a60fc963a7ee808a214f175f2	Alpine RSA signature and signed payload digest verified
offline-apk	qt6-qtbase	6.11.1-r0	LGPL-2.1-only AND LGPL-3.0-only AND GPL-3.0-only AND Qt-GPL-exception-1.0	qt6-qtbase	6a90a193c394ac5e57468bbf61e7176aa894927e	https://gitlab.alpinelinux.org/alpine/aports/-/tree/6a90a193c394ac5e57468bbf61e7176aa894927e	70027c3bd72b493fce0afcb211f9af7dab54bd685f1e9579d338d1e70f36456b	Alpine RSA signature and signed payload digest verified
offline-apk	qt6-qtbase-sqlite	6.11.1-r0	LGPL-2.1-only AND LGPL-3.0-only AND GPL-3.0-only AND Qt-GPL-exception-1.0	qt6-qtbase	6a90a193c394ac5e57468bbf61e7176aa894927e	https://gitlab.alpinelinux.org/alpine/aports/-/tree/6a90a193c394ac5e57468bbf61e7176aa894927e	19c5834790ec8ee0d0196c9c0a8e1347d776e0a8de362b94ded1f0c82018b97d	Alpine RSA signature and signed payload digest verified
offline-apk	qt6-qtbase-wayland	6.11.1-r0	LGPL-2.1-only AND LGPL-3.0-only AND GPL-3.0-only AND Qt-GPL-exception-1.0	qt6-qtbase	6a90a193c394ac5e57468bbf61e7176aa894927e	https://gitlab.alpinelinux.org/alpine/aports/-/tree/6a90a193c394ac5e57468bbf61e7176aa894927e	3c526e76457ec03cd651d3722648c1a3f1507c55823c1838ad6a337122c6dfde	Alpine RSA signature and signed payload digest verified
offline-apk	qt6-qtbase-x11	6.11.1-r0	LGPL-2.1-only AND LGPL-3.0-only AND GPL-3.0-only AND Qt-GPL-exception-1.0	qt6-qtbase	6a90a193c394ac5e57468bbf61e7176aa894927e	https://gitlab.alpinelinux.org/alpine/aports/-/tree/6a90a193c394ac5e57468bbf61e7176aa894927e	7fd03754af1a4c5a17eb5e0269bd9270908e3bffa49935a3542766a2522c2af7	Alpine RSA signature and signed payload digest verified
offline-apk	qt6-qtdeclarative	6.11.1-r0	LGPL-2.1-only AND LGPL-3.0-only AND GPL-3.0-only AND Qt-GPL-exception-1.0	qt6-qtdeclarative	6a90a193c394ac5e57468bbf61e7176aa894927e	https://gitlab.alpinelinux.org/alpine/aports/-/tree/6a90a193c394ac5e57468bbf61e7176aa894927e	5349782c490623a0e445072cf7c0cccb72d905e82e82274f6ad5f2047f9b6452	Alpine RSA signature and signed payload digest verified
offline-apk	qt6-qtshadertools	6.11.1-r0	LGPL-2.1-only AND LGPL-3.0-only AND GPL-3.0-only AND Qt-GPL-exception-1.0	qt6-qtshadertools	6a90a193c394ac5e57468bbf61e7176aa894927e	https://gitlab.alpinelinux.org/alpine/aports/-/tree/6a90a193c394ac5e57468bbf61e7176aa894927e	40b055cf8f3c00e41cd1559ae9098c1161ca8df27d05f1cbec76adf43ba0de06	Alpine RSA signature and signed payload digest verified
offline-apk	qt6-qtsvg	6.11.1-r0	LGPL-2.1-only AND LGPL-3.0-only AND GPL-3.0-only AND Qt-GPL-exception-1.0	qt6-qtsvg	6a90a193c394ac5e57468bbf61e7176aa894927e	https://gitlab.alpinelinux.org/alpine/aports/-/tree/6a90a193c394ac5e57468bbf61e7176aa894927e	6e2bb4959046f6dceae27a5829a732b6f6c2c29dbbc2bb2197d87ec4880e46ca	Alpine RSA signature and signed payload digest verified
offline-apk	qt6-qttools-libs	6.11.1-r0	LGPL-2.1-only AND LGPL-3.0-only AND GPL-3.0-only AND Qt-GPL-exception-1.0	qt6-qttools	6a90a193c394ac5e57468bbf61e7176aa894927e	https://gitlab.alpinelinux.org/alpine/aports/-/tree/6a90a193c394ac5e57468bbf61e7176aa894927e	3f6cb4a2bbb8117a336c21c9e0f8d55371b27c8b5ce5cf368c4e01f98fab4b87	Alpine RSA signature and signed payload digest verified
offline-apk	readline	8.3.3-r1	GPL-3.0-or-later	readline	a854c03acdac188901fb012f7acbee70a36e8041	https://gitlab.alpinelinux.org/alpine/aports/-/tree/a854c03acdac188901fb012f7acbee70a36e8041	9f0ae0923c02b0d6aba62e9173542b65396ba3f0efefcbf087ea32f1120e7b34	Alpine RSA signature and signed payload digest verified
offline-apk	shared-mime-info	2.4-r7	GPL-2.0-or-later	shared-mime-info	74df86bcbb3a36bdffe8a4738fadbd44ede405bc	https://gitlab.alpinelinux.org/alpine/aports/-/tree/74df86bcbb3a36bdffe8a4738fadbd44ede405bc	d22666ee4ab5d0384040e0da3a1564bb9404cea20480e178bb2aea78acd7f87a	Alpine RSA signature and signed payload digest verified
offline-apk	spirv-tools	1.4.341.0-r0	Apache-2.0	spirv-tools	5115d4d26db3422769415dddaf4c909f8aca0017	https://gitlab.alpinelinux.org/alpine/aports/-/tree/5115d4d26db3422769415dddaf4c909f8aca0017	28a3be7fe2552c2c11b33a366c7bf6a67a408d9bf509bfe66aea68bf79467c60	Alpine RSA signature and signed payload digest verified
offline-apk	sqlite-libs	3.53.4-r0	blessing	sqlite	a9c3ba8b9129ec0f294d0a9bf538c2f1632bb016	https://gitlab.alpinelinux.org/alpine/aports/-/tree/a9c3ba8b9129ec0f294d0a9bf538c2f1632bb016	b39d8d73c1208838a436f2d481ba605b52a095f8d6ff781556eafc81cd1a13e9	Alpine RSA signature and signed payload digest verified
offline-apk	suitesparse	7.8.2-r0	BSD-3-Clause AND LGPL-2.1-or-later AND GPL-2.0-or-later	suitesparse	21e0b7b2444680c19b3860ac26f053c28c9a1fa5	https://gitlab.alpinelinux.org/alpine/aports/-/tree/21e0b7b2444680c19b3860ac26f053c28c9a1fa5	034639c33fec86fccee9c6329e53b708eed1e8a3512df0251b27bfdc8f5c18a1	Alpine RSA signature and signed payload digest verified
offline-apk	tiff	4.7.1-r0	libtiff	tiff	259914876552dabe6576835e874adc99129b58ae	https://gitlab.alpinelinux.org/alpine/aports/-/tree/259914876552dabe6576835e874adc99129b58ae	0fa9a6d6eaa19c896dc157318ea02d1d0df60bb18bc2f8834e6b98fe9ba661cf	Alpine RSA signature and signed payload digest verified
offline-apk	tslib	1.24-r0	LGPL-2.0-or-later	tslib	a83fa360ad5763f7af99da39c0e948c824f0926b	https://gitlab.alpinelinux.org/alpine/aports/-/tree/a83fa360ad5763f7af99da39c0e948c824f0926b	f25abcf1866fc843474d4d4f2607b93f8ef29a81d9cef69ee553173d4d4e9879	Alpine RSA signature and signed payload digest verified
offline-apk	tzdata	2026d-r0	Public-Domain	tzdata	a19caf9fe771707618d4d9e4fa2dd9db8155b461	https://gitlab.alpinelinux.org/alpine/aports/-/tree/a19caf9fe771707618d4d9e4fa2dd9db8155b461	361f751cc2100ff7c979372e9ac0a93bd932ac58580bb723df2ecbea36b96baf	Alpine RSA signature and signed payload digest verified
offline-apk	wayland-libs-client	1.25.0-r0	MIT	wayland	5960a969742897aba03257e84f0aa40f3c1e84d6	https://gitlab.alpinelinux.org/alpine/aports/-/tree/5960a969742897aba03257e84f0aa40f3c1e84d6	409b4ad8de59d7b69f7c8add50cc76ef0fe3fe8c80e7854d6fe93c6b1dccc005	Alpine RSA signature and signed payload digest verified
offline-apk	wayland-libs-cursor	1.25.0-r0	MIT	wayland	5960a969742897aba03257e84f0aa40f3c1e84d6	https://gitlab.alpinelinux.org/alpine/aports/-/tree/5960a969742897aba03257e84f0aa40f3c1e84d6	22129b3f85ecf905a00436040c4ca3d07a071e700997aebf9bb7a2430cb42946	Alpine RSA signature and signed payload digest verified
offline-apk	wayland-libs-egl	1.25.0-r0	MIT	wayland	5960a969742897aba03257e84f0aa40f3c1e84d6	https://gitlab.alpinelinux.org/alpine/aports/-/tree/5960a969742897aba03257e84f0aa40f3c1e84d6	c06c148aa8fe57848f1a30ac46b95736b04fb1bf73324ccf29c0bae82ee4a7e7	Alpine RSA signature and signed payload digest verified
offline-apk	xcb-util	0.4.1-r3	MIT	xcb-util	33283848034c9885d984c8e8697c645c57324938	https://gitlab.alpinelinux.org/alpine/aports/-/tree/33283848034c9885d984c8e8697c645c57324938	0b547394a06e7b4e53994bd8db42aed84e86de95d042c847f9ac9c135fdfb1b8	Alpine RSA signature and signed payload digest verified
offline-apk	xcb-util-cursor	0.1.5-r0	MIT	xcb-util-cursor	6867e384dbfbd0b8efadbca989e9778190e89496	https://gitlab.alpinelinux.org/alpine/aports/-/tree/6867e384dbfbd0b8efadbca989e9778190e89496	5bc0d977addddffab3731b9b42dba8097d121573d2a52c29c5980cab7e3cfdc8	Alpine RSA signature and signed payload digest verified
offline-apk	xcb-util-image	0.4.1-r0	MIT	xcb-util-image	6867e384dbfbd0b8efadbca989e9778190e89496	https://gitlab.alpinelinux.org/alpine/aports/-/tree/6867e384dbfbd0b8efadbca989e9778190e89496	d9d3921f9a83f7b008e2e87c363f86bdfc0cda67fdf6b42beedd86f7d8faac5b	Alpine RSA signature and signed payload digest verified
offline-apk	xcb-util-keysyms	0.4.1-r0	MIT	xcb-util-keysyms	6867e384dbfbd0b8efadbca989e9778190e89496	https://gitlab.alpinelinux.org/alpine/aports/-/tree/6867e384dbfbd0b8efadbca989e9778190e89496	2e92f2f7d75a93a53153ba664d69c0ad4e659829c31252197a7db8772c852bb5	Alpine RSA signature and signed payload digest verified
offline-apk	xcb-util-renderutil	0.3.10-r0	MIT	xcb-util-renderutil	72959c97a7f1a16c7cac34bca08b11266602e244	https://gitlab.alpinelinux.org/alpine/aports/-/tree/72959c97a7f1a16c7cac34bca08b11266602e244	f149aebf79717ef5372735fe2fa58b8c84124f4c9ef8ef5c71a13953f11437bb	Alpine RSA signature and signed payload digest verified
offline-apk	xcb-util-wm	0.4.2-r0	MIT	xcb-util-wm	6867e384dbfbd0b8efadbca989e9778190e89496	https://gitlab.alpinelinux.org/alpine/aports/-/tree/6867e384dbfbd0b8efadbca989e9778190e89496	cff6a83ae29f406d91c2b6dfbffddf98490cfd1816b98db4d396eebccf580716	Alpine RSA signature and signed payload digest verified
offline-apk	xdg-utils	1.2.1-r1	MIT	xdg-utils	6867e384dbfbd0b8efadbca989e9778190e89496	https://gitlab.alpinelinux.org/alpine/aports/-/tree/6867e384dbfbd0b8efadbca989e9778190e89496	3e1b5e578b721d9280607b32d5ce49246f70aadc186ba2c63f8607173b8b93b3	Alpine RSA signature and signed payload digest verified
offline-apk	xkeyboard-config	2.47-r0	MIT	xkeyboard-config	ec89b244a8f186e061fdc6433d384e93c4155ff7	https://gitlab.alpinelinux.org/alpine/aports/-/tree/ec89b244a8f186e061fdc6433d384e93c4155ff7	a78c94324d215f874a6e6f29c3aa889f0755596ea952865f98ef64c06806a1c1	Alpine RSA signature and signed payload digest verified
offline-apk	xprop	1.2.8-r0	MIT	xprop	6867e384dbfbd0b8efadbca989e9778190e89496	https://gitlab.alpinelinux.org/alpine/aports/-/tree/6867e384dbfbd0b8efadbca989e9778190e89496	3ad4f1bb3da2a696420b7fc6540cb554411b9748c4ef3b0f35198a6decc76196	Alpine RSA signature and signed payload digest verified
offline-apk	xset	1.2.5-r1	MIT	xset	e1b77cbba8275696e70cc7c1c4c8d25961f84393	https://gitlab.alpinelinux.org/alpine/aports/-/tree/e1b77cbba8275696e70cc7c1c4c8d25961f84393	2521746c93b4a006ed1b225a2b1851eb685f31885d31740160050d50e13b79b8	Alpine RSA signature and signed payload digest verified
offline-apk	xz-libs	5.8.4-r0	GPL-2.0-or-later AND 0BSD AND Public-Domain AND LGPL-2.1-or-later	xz	0c088d609f9fe69eedd6b4c7f4b99cdad847c20a	https://gitlab.alpinelinux.org/alpine/aports/-/tree/0c088d609f9fe69eedd6b4c7f4b99cdad847c20a	9be375832e747afe14f98e400e8b55d8f6fde25e41663090c81600628daab093	Alpine RSA signature and signed payload digest verified
offline-apk	zstd-libs	1.5.7-r2	BSD-3-Clause OR GPL-2.0-or-later	zstd	3c6e2ee2b16f403d53eab39c4426eb61f003c322	https://gitlab.alpinelinux.org/alpine/aports/-/tree/3c6e2ee2b16f403d53eab39c4426eb61f003c322	2bb5136c89f5b0bbe1554c8915a3b520d5aa63ae2a51d4d821eb81698db5a818	Alpine RSA signature and signed payload digest verified
